{"cameraMode":{"drawMode":0,"name":"Shaded","section":"Shading Mode"},"sceneLighting":false,"audioPlay":false,"sceneViewState":{"showFog":false,"showMaterialUpdate":false,"showSkybox":false,"showFlares":false,"showImageEffects":false,"showParticleSystems":false},"in2DMode":false,"pivot":{"x":0.37257257103919985,"y":0.4036513864994049,"z":0.7772464156150818},"rotation":{"x":-0.06340266019105911,"y":0.5470958352088928,"z":-0.04159044474363327,"w":-0.8336285352706909},"size":6.095791816711426,"orthographic":true}