{"cameraMode":{"drawMode":0,"name":"Shaded","section":"Shading Mode"},"sceneLighting":false,"audioPlay":false,"sceneViewState":{"showFog":false,"showMaterialUpdate":false,"showSkybox":false,"showFlares":false,"showImageEffects":false,"showParticleSystems":false},"in2DMode":false,"pivot":{"x":-312.0177917480469,"y":90.53262329101563,"z":-180.28720092773438},"rotation":{"x":0.13084468245506288,"y":-0.18087036907672883,"z":0.024364527314901353,"w":0.9744598865509033},"size":326.4214172363281,"orthographic":false}