{"cameraMode":{"drawMode":0,"name":"Shaded","section":"Shading Mode"},"sceneLighting":true,"audioPlay":false,"sceneViewState":{"showFog":true,"showMaterialUpdate":false,"showSkybox":true,"showFlares":true,"showImageEffects":true,"showParticleSystems":true},"in2DMode":false,"pivot":{"x":-0.19683837890625,"y":32.48809814453125,"z":0.108673095703125},"rotation":{"x":0.06140713766217232,"y":0.8767946362495422,"z":-0.11641395092010498,"w":0.4625021517276764},"size":1421.5634765625,"orthographic":true}