{"cameraMode":{"drawMode":0,"name":"Shaded","section":"Shading Mode"},"sceneLighting":false,"audioPlay":false,"sceneViewState":{"showFog":true,"showMaterialUpdate":false,"showSkybox":true,"showFlares":true,"showImageEffects":true,"showParticleSystems":true},"in2DMode":false,"pivot":{"x":2.5624752044677736,"y":2.1053643226623537,"z":2.4174795150756838},"rotation":{"x":-0.04988500475883484,"y":0.7969512939453125,"z":-0.06637030839920044,"w":-0.5983102321624756},"size":36.6181526184082,"orthographic":false}