{"cameraMode":{"drawMode":0,"name":"Shaded","section":"Shading Mode"},"sceneLighting":false,"audioPlay":false,"sceneViewState":{"showFog":false,"showMaterialUpdate":false,"showSkybox":false,"showFlares":false,"showImageEffects":false,"showParticleSystems":false},"in2DMode":false,"pivot":{"x":40.0,"y":71.79998779296875,"z":-91.00006103515625},"rotation":{"x":-0.0038515948690474035,"y":-0.9806836843490601,"z":0.19460688531398774,"w":-0.019307762384414674},"size":2944.576904296875,"orthographic":false}