{"cameraMode":{"drawMode":0,"name":"Shaded","section":"Shading Mode"},"sceneLighting":true,"audioPlay":false,"sceneViewState":{"showFog":true,"showMaterialUpdate":false,"showSkybox":true,"showFlares":true,"showImageEffects":true,"showParticleSystems":true},"in2DMode":false,"pivot":{"x":-0.0119704008102417,"y":0.1867353320121765,"z":-0.024262189865112306},"rotation":{"x":-0.11170057952404022,"y":0.7210133671760559,"z":-0.1196131706237793,"w":-0.6733167171478272},"size":4.0980095863342289,"orthographic":false}