{"cameraMode":{"drawMode":0,"name":"Shaded","section":"Shading Mode"},"sceneLighting":true,"audioPlay":false,"sceneViewState":{"showFog":false,"showMaterialUpdate":false,"showSkybox":false,"showFlares":false,"showImageEffects":false,"showParticleSystems":false},"in2DMode":false,"pivot":{"x":0.02159610576927662,"y":0.08158935606479645,"z":-0.0008544921875},"rotation":{"x":0.03390190377831459,"y":0.9461416006088257,"z":-0.10545682907104492,"w":0.3042129874229431},"size":0.9745981097221375,"orthographic":false}