{"cameraMode":{"drawMode":0,"name":"Shaded","section":"Shading Mode"},"sceneLighting":false,"audioPlay":false,"sceneViewState":{"showFog":false,"showMaterialUpdate":false,"showSkybox":false,"showFlares":false,"showImageEffects":false,"showParticleSystems":false},"in2DMode":false,"pivot":{"x":0.0,"y":1.0299999713897706,"z":2.8499999046325685},"rotation":{"x":0.04041227325797081,"y":-0.06141041964292526,"z":0.0024893071968108417,"w":0.9972910284996033},"size":8.573655128479004,"orthographic":true}