{"cameraMode":{"drawMode":0,"name":"Shaded","section":"Shading Mode"},"sceneLighting":true,"audioPlay":false,"sceneViewState":{"showFog":false,"showMaterialUpdate":false,"showSkybox":false,"showFlares":false,"showImageEffects":false,"showParticleSystems":false},"in2DMode":false,"pivot":{"x":6.461972236633301,"y":-45.587093353271487,"z":-6.345007419586182},"rotation":{"x":0.2475646734237671,"y":0.3771117329597473,"z":-0.10533765703439713,"w":0.886229395866394},"size":49.492435455322269,"orthographic":false}