{"cameraMode":{"drawMode":0,"name":"Shaded","section":"Shading Mode"},"sceneLighting":false,"audioPlay":false,"sceneViewState":{"showFog":true,"showMaterialUpdate":false,"showSkybox":true,"showFlares":true,"showImageEffects":true,"showParticleSystems":true},"in2DMode":false,"pivot":{"x":2.6464929580688478,"y":1.4128409624099732,"z":2.54480242729187},"rotation":{"x":-0.04988500475883484,"y":0.7969512939453125,"z":-0.06637030839920044,"w":-0.5983102321624756},"size":5.792013168334961,"orthographic":false}