{"cameraMode":{"drawMode":0,"name":"Shaded","section":"Shading Mode"},"sceneLighting":false,"audioPlay":false,"sceneViewState":{"showFog":false,"showMaterialUpdate":false,"showSkybox":false,"showFlares":false,"showImageEffects":false,"showParticleSystems":false},"in2DMode":false,"pivot":{"x":0.0,"y":1.0299999713897706,"z":2.8499999046325685},"rotation":{"x":0.05684521049261093,"y":-0.06584420055150986,"z":0.0037581808865070345,"w":0.9962023496627808},"size":5.949183464050293,"orthographic":true}