{"cameraMode":{"drawMode":0,"name":"Shaded","section":"Shading Mode"},"sceneLighting":false,"audioPlay":false,"sceneViewState":{"showFog":true,"showMaterialUpdate":false,"showSkybox":true,"showFlares":true,"showImageEffects":true,"showParticleSystems":true},"in2DMode":false,"pivot":{"x":-341.00262451171877,"y":218.72340393066407,"z":258.5993957519531},"rotation":{"x":0.1040976494550705,"y":0.8553107380867004,"z":-0.1890202760696411,"w":0.4710398316383362},"size":22.0,"orthographic":true}