{"cameraMode":{"drawMode":0,"name":"Shaded","section":"Shading Mode"},"sceneLighting":true,"audioPlay":false,"sceneViewState":{"showFog":true,"showMaterialUpdate":false,"showSkybox":true,"showFlares":true,"showImageEffects":true,"showParticleSystems":true},"in2DMode":false,"pivot":{"x":0.0012360811233520508,"y":0.22026197612285615,"z":-0.007950961589813233},"rotation":{"x":-0.04631626233458519,"y":-0.08440909534692764,"z":0.003928505349904299,"w":-0.9953464269638062},"size":3.0251851081848146,"orthographic":false}