{"cameraMode":{"drawMode":0,"name":"Shaded","section":"Shading Mode"},"sceneLighting":false,"audioPlay":false,"sceneViewState":{"showFog":true,"showMaterialUpdate":false,"showSkybox":true,"showFlares":true,"showImageEffects":true,"showParticleSystems":true},"in2DMode":false,"pivot":{"x":-0.16358640789985658,"y":-0.06521838158369065,"z":0.1423691064119339},"rotation":{"x":0.09547768533229828,"y":0.7775582075119019,"z":-0.12181414663791657,"w":0.6094657182693481},"size":4.24488639831543,"orthographic":false}