{"cameraMode":{"drawMode":0,"name":"Shaded","section":"Shading Mode"},"sceneLighting":false,"audioPlay":false,"sceneViewState":{"showFog":true,"showMaterialUpdate":false,"showSkybox":true,"showFlares":true,"showImageEffects":true,"showParticleSystems":true},"in2DMode":false,"pivot":{"x":0.20940017700195313,"y":0.8750001192092896,"z":0.2049999237060547},"rotation":{"x":-0.14088204503059388,"y":0.40906810760498049,"z":-0.06408534944057465,"w":-0.8992822766304016},"size":1.7240833044052125,"orthographic":true}