{"cameraMode":{"drawMode":0,"name":"Shaded","section":"Shading Mode"},"sceneLighting":false,"audioPlay":false,"sceneViewState":{"showFog":false,"showMaterialUpdate":false,"showSkybox":false,"showFlares":false,"showImageEffects":false,"showParticleSystems":false},"in2DMode":false,"pivot":{"x":584.4000244140625,"y":446.8999938964844,"z":0.0},"rotation":{"x":0.024586893618106843,"y":0.034130435436964038,"z":0.0008212819811888039,"w":-0.9991145730018616},"size":373.64581298828127,"orthographic":true}