{"cameraMode":{"drawMode":0,"name":"Shaded","section":"Shading Mode"},"sceneLighting":false,"audioPlay":false,"sceneViewState":{"showFog":false,"showMaterialUpdate":false,"showSkybox":false,"showFlares":false,"showImageEffects":false,"showParticleSystems":false},"in2DMode":false,"pivot":{"x":-0.005235999822616577,"y":-49.44462585449219,"z":9.989843368530274},"rotation":{"x":0.292913556098938,"y":-0.36781108379364016,"z":0.12325970083475113,"w":0.8739128708839417},"size":5.715768814086914,"orthographic":true}