{"cameraMode":{"drawMode":0,"name":"Shaded","section":"Shading Mode"},"sceneLighting":false,"audioPlay":false,"sceneViewState":{"showFog":false,"showMaterialUpdate":false,"showSkybox":false,"showFlares":false,"showImageEffects":false,"showParticleSystems":false},"in2DMode":false,"pivot":{"x":-8.20258617401123,"y":1.7443842887878419,"z":0.3518376350402832},"rotation":{"x":-0.12936225533485413,"y":-0.21484531462192536,"z":0.028693828731775285,"w":-0.9676175117492676},"size":5.6200971603393559,"orthographic":true}