{"cameraMode":{"drawMode":0,"name":"Shaded","section":"Shading Mode"},"sceneLighting":false,"audioPlay":false,"sceneViewState":{"showFog":true,"showMaterialUpdate":false,"showSkybox":true,"showFlares":true,"showImageEffects":true,"showParticleSystems":true},"in2DMode":false,"pivot":{"x":0.891016960144043,"y":-0.6460039615631104,"z":-1.7385073900222779},"rotation":{"x":0.30623918771743777,"y":0.4491504728794098,"z":0.8225194215774536,"w":-0.1671622395515442},"size":4.238611221313477,"orthographic":false}