{"cameraMode":{"drawMode":0,"name":"Shaded","section":"Shading Mode"},"sceneLighting":true,"audioPlay":false,"sceneViewState":{"showFog":true,"showMaterialUpdate":false,"showSkybox":true,"showFlares":true,"showImageEffects":true,"showParticleSystems":true},"in2DMode":false,"pivot":{"x":2.866413116455078,"y":31.719409942626954,"z":-0.020137786865234376},"rotation":{"x":0.07561430335044861,"y":0.8875138759613037,"z":-0.15737797319889069,"w":0.4264199435710907},"size":105.33055877685547,"orthographic":true}